__v,_id,brand
0,6041f78f0034f72ff1bf7768,ADB
0,6041f78f0034f72ff1bf7770,Aesthetix
0,6041f78f0034f72ff1bf7771,Aiwa
0,6041f78f0034f72ff1bf7772,Akai
0,6041f78f0034f72ff1bf7773,Alphaluxx
0,6041f78f0034f72ff1bf7774,AmPro
0,6041f78f0034f72ff1bf7775,Amstrad
0,6041f78f0034f72ff1bf7776,Antex Electronics
0,6041f78f0034f72ff1bf7777,Aopen
0,6041f78f0034f72ff1bf7778,Apex
0,6041f78f0034f72ff1bf7779,Apple
0,6041f78f0034f72ff1bf777a,Aragon
0,6041f78f0034f72ff1bf777b,Arcam
0,6041f78f0034f72ff1bf777c,Architectural Audio
0,6041f78f0034f72ff1bf777d,Arrakis Systems
0,6041f78f0034f72ff1bf777e,Astro
0,6041f78f0034f72ff1bf777f,Atlantic Technology
0,6041f78f0034f72ff1bf7780,Atlona
0,6041f78f0034f72ff1bf7781,Audio Access
0,6041f78f0034f72ff1bf7782,Audio Authority
0,6041f78f0034f72ff1bf7783,Audio Control
0,6041f78f0034f72ff1bf7784,Audio Refinement
0,6041f78f0034f72ff1bf7785,Audio Research
0,6041f78f0034f72ff1bf7786,Audiovox.
0,6041f78f0034f72ff1bf7787,Austar
0,6041f78f0034f72ff1bf7788,Axonix
0,6041f78f0034f72ff1bf7789,Ayre
0,6041f78f0034f72ff1bf778a,B&K Components
0,6041f78f0034f72ff1bf778b,B.A.T.
0,6041f78f0034f72ff1bf778c,BTX
0,6041f78f0034f72ff1bf778d,Bang & Olufsen
0,6041f78f0034f72ff1bf778e,Barco
0,6041f78f0034f72ff1bf778f,Barix
0,6041f78f0034f72ff1bf7790,Bell
0,6041f78f0034f72ff1bf7791,Bell ExpressVu
0,6041f78f0034f72ff1bf7792,BenQ
0,6041f78f0034f72ff1bf7793,Big Ben
0,6041f78f0034f72ff1bf7794,Bogen
0,6041f78f0034f72ff1bf7795,Bose
0,6041f78f0034f72ff1bf7796,Boxlight
0,6041f78f0034f72ff1bf7797,Broksonic
0,6041f78f0034f72ff1bf7798,Busch-Jaeger
0,6041f78f0034f72ff1bf7799,Bush
0,6041f78f0034f72ff1bf779a,ByDesign
0,6041f78f0034f72ff1bf779b,CIS BOX
0,6041f78f0034f72ff1bf779c,Cables to Go
0,6041f78f0034f72ff1bf779d,Calrad
0,6041f78f0034f72ff1bf779e,Calypso
0,6041f78f0034f72ff1bf779f,Cambridge Audio
0,6041f78f0034f72ff1bf77a0,Camera
0,6041f78f0034f72ff1bf77a1,Canalsat
0,6041f78f0034f72ff1bf77a2,Canon
0,6041f78f0034f72ff1bf77a3,Carver
0,6041f78f0034f72ff1bf77a4,Cary Audio Design
0,6041f78f0034f72ff1bf77a5,Celadon
0,6041f78f0034f72ff1bf77a6,Channel Master
0,6041f78f0034f72ff1bf77a7,Channel Plus
0,6041f78f0034f72ff1bf77a8,Chief Manufacturing
0,6041f78f0034f72ff1bf77a9,Cinemateq
0,6041f78f0034f72ff1bf77aa,Cisco
0,6041f78f0034f72ff1bf77ab,Citation
0,6041f78f0034f72ff1bf77ac,Classe Audio
0,6041f78f0034f72ff1bf77ad,Coby
0,6041f78f0034f72ff1bf77ae,Colorado Vnet
0,6041f78f0034f72ff1bf77af,Comcast
0,6041f78f0034f72ff1bf77b0,Cool Sat
0,6041f78f0034f72ff1bf77b1,Copland
0,6041f78f0034f72ff1bf77b2,Corvo
0,6041f78f0034f72ff1bf77b3,Cox
0,6041f78f0034f72ff1bf77b4,Creek
0,6041f78f0034f72ff1bf77b5,Crestron
0,6041f78f0034f72ff1bf77b6,Curtis Mathes
0,6041f78f0034f72ff1bf77b7,Cyberhome
0,6041f78f0034f72ff1bf77b8,Cyron
0,6041f78f0034f72ff1bf77b9,D-LINK
0,6041f78f0034f72ff1bf77ba,DK digital
0,6041f78f0034f72ff1bf77bb,DLO
0,6041f78f0034f72ff1bf77bc,DVDO
0,6041f78f0034f72ff1bf77bd,Da Lite
0,6041f78f0034f72ff1bf77be,Daewoo
0,6041f78f0034f72ff1bf77bf,Dantax
0,6041f78f0034f72ff1bf77c0,Dedicated Micros
0,6041f78f0034f72ff1bf77c1,Dell
0,6041f78f0034f72ff1bf77c2,Delphi
0,6041f78f0034f72ff1bf77c3,Denon
0,6041f78f0034f72ff1bf77c4,Digital Music Expres
0,6041f78f0034f72ff1bf77c5,Digital Projection
0,6041f78f0034f72ff1bf77c6,Digital Stream
0,6041f78f0034f72ff1bf77c7,DigitalView
0,6041f78f0034f72ff1bf77c8,DirecTV
0,6041f78f0034f72ff1bf77c9,Dish Network
0,6041f78f0034f72ff1bf77ca,Draper
0,6041f78f0034f72ff1bf77cb,Dream
0,6041f78f0034f72ff1bf77cc,Dream Vision
0,6041f78f0034f72ff1bf77cd,Dwin
0,6041f78f0034f72ff1bf77ce,Echostar
0,6041f78f0034f72ff1bf77cf,Elan
0,6041f78f0034f72ff1bf77d0,Electrocompaniet
0,6041f78f0034f72ff1bf77d1,Electrokinetics
0,6041f78f0034f72ff1bf77d2,Elmo
0,6041f78f0034f72ff1bf77d3,Emerson
0,6041f78f0034f72ff1bf77d4,Epson
0,6041f78f0034f72ff1bf77d5,Escient
0,6041f78f0034f72ff1bf77d6,Esoteric Audio
0,6041f78f0034f72ff1bf77d7,Extron
0,6041f78f0034f72ff1bf77d8,FSC
0,6041f78f0034f72ff1bf77d9,Faroudja
0,6041f78f0034f72ff1bf77da,Fast
0,6041f78f0034f72ff1bf77db,Fedders
0,6041f78f0034f72ff1bf77dc,Fisher
0,6041f78f0034f72ff1bf77dd,Fosgate
0,6041f78f0034f72ff1bf77de,Foxtel
0,6041f78f0034f72ff1bf77df,Friedrich
0,6041f78f0034f72ff1bf77e0,Fujitsu
0,6041f78f0034f72ff1bf77e1,Fusion Research
0,6041f78f0034f72ff1bf77e2,GE
0,6041f78f0034f72ff1bf77e3,Galaxis
0,6041f78f0034f72ff1bf77e4,Gefen Systems
0,6041f78f0034f72ff1bf77e5,General Electric
0,6041f78f0034f72ff1bf77e6,General Instrument
0,6041f78f0034f72ff1bf77e7,Genesis
0,6041f78f0034f72ff1bf77e8,Gericom
0,6041f78f0034f72ff1bf77e9,Go Video
0,6041f78f0034f72ff1bf77ea,GoldStar
0,6041f78f0034f72ff1bf77eb,Goldmund
0,6041f78f0034f72ff1bf77ec,Grand Tech
0,6041f78f0034f72ff1bf77ed,Griffin
0,6041f78f0034f72ff1bf77ee,Grundig
0,6041f78f0034f72ff1bf77ef,Gryphon
0,6041f78f0034f72ff1bf77f0,HQV
0,6041f78f0034f72ff1bf77f1,Harman Kardon
0,6041f78f0034f72ff1bf77f2,Harman Video
0,6041f78f0034f72ff1bf77f3,Harmony
0,6041f78f0034f72ff1bf77f4,Herma
0,6041f78f0034f72ff1bf77f5,Hewlett Packard
0,6041f78f0034f72ff1bf77f6,Hirschmann
0,6041f78f0034f72ff1bf77f7,Hitachi
0,6041f78f0034f72ff1bf77f8,Hiteker
0,6041f78f0034f72ff1bf77f9,Homecast
0,6041f78f0034f72ff1bf77fa,Hughes
0,6041f78f0034f72ff1bf77fb,Humax
0,6041f78f0034f72ff1bf77fc,I-O Data
0,6041f78f0034f72ff1bf77fd,IR4PS3
0,6041f78f0034f72ff1bf77fe,Imerge
0,6041f78f0034f72ff1bf77ff,InFocus
0,6041f78f0034f72ff1bf7800,Insignia
0,6041f78f0034f72ff1bf7801,Instant Replay
0,6041f78f0034f72ff1bf7802,Integra
0,6041f78f0034f72ff1bf7803,IntelliNet Controls
0,6041f78f0034f72ff1bf7804,Intervideo
0,6041f78f0034f72ff1bf7805,JBL
0,6041f78f0034f72ff1bf7806,JENSEN
0,6041f78f0034f72ff1bf7807,JVC
0,6041f78f0034f72ff1bf7808,Jamo
0,6041f78f0034f72ff1bf7809,Jerrold
0,6041f78f0034f72ff1bf780a,KEY DIGITAL
0,6041f78f0034f72ff1bf780b,Kaleidescape
0,6041f78f0034f72ff1bf780c,Kathrein
0,6041f78f0034f72ff1bf780d,Kawasaki
0,6041f78f0034f72ff1bf780e,Kensington
0,6041f78f0034f72ff1bf780f,Kenwood
0,6041f78f0034f72ff1bf7810,Kinergetics Research
0,6041f78f0034f72ff1bf7811,Klipsch
0,6041f78f0034f72ff1bf7812,Knoll
0,6041f78f0034f72ff1bf7813,Krell
0,6041f78f0034f72ff1bf7814,Kyocera
0,6041f78f0034f72ff1bf7815,LG
0,6041f78f0034f72ff1bf7816,LP Morgan
0,6041f78f0034f72ff1bf7817,LXI
0,6041f78f0034f72ff1bf7818,Lexicon
0,6041f78f0034f72ff1bf7819,Lightolier
0,6041f78f0034f72ff1bf781a,Linksys
0,6041f78f0034f72ff1bf781b,Linn
0,6041f78f0034f72ff1bf781c,LiteOn
0,6041f78f0034f72ff1bf781d,LiteTouch
0,6041f78f0034f72ff1bf781e,Loewe
0,6041f78f0034f72ff1bf781f,Lumagen
0,6041f78f0034f72ff1bf7820,Luxman
0,6041f78f0034f72ff1bf7821,MAGIC LIGHTING
0,6041f78f0034f72ff1bf7822,MGA
0,6041f78f0034f72ff1bf7823,MISSION
0,6041f78f0034f72ff1bf7824,Madrigal
0,6041f78f0034f72ff1bf7825,Magnavox
0,6041f78f0034f72ff1bf7826,Magnum Dynalab
0,6041f78f0034f72ff1bf7827,Makita
0,6041f78f0034f72ff1bf7828,Malata
0,6041f78f0034f72ff1bf7829,Marantz
0,6041f78f0034f72ff1bf782a,Mark Levinson
0,6041f78f0034f72ff1bf782b,Maxx
0,6041f78f0034f72ff1bf782c,McIntosh
0,6041f78f0034f72ff1bf782d,Memorex
0,6041f78f0034f72ff1bf782e,Meridian
0,6041f78f0034f72ff1bf782f,Metronome
0,6041f78f0034f72ff1bf7830,Micromega
0,6041f78f0034f72ff1bf7831,Microsoft
0,6041f78f0034f72ff1bf7832,Midiland
0,6041f78f0034f72ff1bf7833,Mintek
0,6041f78f0034f72ff1bf7834,Mitsubishi
0,6041f78f0034f72ff1bf7835,Motorola
0,6041f78f0034f72ff1bf7836,Myryad
0,6041f78f0034f72ff1bf7837,NAD
0,6041f78f0034f72ff1bf7838,NEC
0,6041f78f0034f72ff1bf7839,NET TV
0,6041f78f0034f72ff1bf783a,Nakamichi
0,6041f78f0034f72ff1bf783b,Niles Audio
0,6041f78f0034f72ff1bf783c,Nokia
0,6041f78f0034f72ff1bf783d,Novaplex
0,6041f78f0034f72ff1bf783e,Onkyo
0,6041f78f0034f72ff1bf783f,Onkyo Integra
0,6041f78f0034f72ff1bf7840,PHAST
0,6041f78f0034f72ff1bf7841,PS Audio
0,6041f78f0034f72ff1bf7842,Panasonic
0,6041f78f0034f72ff1bf7843,Parasound
0,6041f78f0034f72ff1bf7844,Philips
0,6041f78f0034f72ff1bf7845,Pioneer
0,6041f78f0034f72ff1bf7846,Pragmatic
0,6041f78f0034f72ff1bf7847,Proceed
0,6041f78f0034f72ff1bf7848,Proscan
0,6041f78f0034f72ff1bf7849,Proton
0,6041f78f0034f72ff1bf784a,Quasar
0,6041f78f0034f72ff1bf784b,RCA
0,6041f78f0034f72ff1bf784c,RSQ
0,6041f78f0034f72ff1bf784d,Rega
0,6041f78f0034f72ff1bf784e,Replay Networks
0,6041f78f0034f72ff1bf784f,Rotel
0,6041f78f0034f72ff1bf7850,Runco
0,6041f78f0034f72ff1bf7851,Russound
0,6041f78f0034f72ff1bf7852,Samsung
0,6041f78f0034f72ff1bf7853,Sanyo
0,6041f78f0034f72ff1bf7854,Scientific Atlanta
0,6041f78f0034f72ff1bf7855,Seleco
0,6041f78f0034f72ff1bf7856,Sharp
0,6041f78f0034f72ff1bf7857,Sherwood
0,6041f78f0034f72ff1bf7858,Sigma Designs
0,6041f78f0034f72ff1bf7859,Snell
0,6041f78f0034f72ff1bf785a,Sonance
0,6041f78f0034f72ff1bf785b,Sony
0,6041f78f0034f72ff1bf785c,Sunfire
0,6041f78f0034f72ff1bf785d,Symphonic
0,6041f78f0034f72ff1bf785e,TEAC
0,6041f78f0034f72ff1bf785f,Telemann
0,6041f78f0034f72ff1bf7860,Terratec
0,6041f78f0034f72ff1bf7861,Theta Digital
0,6041f78f0034f72ff1bf7862,TiVo
0,6041f78f0034f72ff1bf7863,Toshiba
0,6041f78f0034f72ff1bf7864,Turtle Beach
0,6041f78f0034f72ff1bf7865,US Electronics
0,6041f78f0034f72ff1bf7866,Uniden
0,6041f78f0034f72ff1bf7867,Velodyne
0,6041f78f0034f72ff1bf7868,Vidikron
0,6041f78f0034f72ff1bf7869,VocoPro
0,6041f78f0034f72ff1bf786a,XORO
0,6041f78f0034f72ff1bf786b,Xantech
0,6041f78f0034f72ff1bf786c,Yamaha
0,6041f78f0034f72ff1bf786d,Yamakawa
0,6041f78f0034f72ff1bf786e,Zenith
0,6041f78f0034f72ff1bf786f,Zinwell
0,6041f78f0034f72ff1bf7870,e:max
0,6041f78f0034f72ff1bf7871,iPort
0,6041f78f0034f72ff1bf776e,Adcom
0,6041f78f0034f72ff1bf776b,Accupel
0,6041f78f0034f72ff1bf776a,AMX
0,6041f78f0034f72ff1bf776f,Adelphia
0,6041f78f0034f72ff1bf7767,ADA
0,6041f78f0034f72ff1bf7766,3M
0,6041f78f0034f72ff1bf7769,AMC
0,6041f78f0034f72ff1bf776d,Acesonic
0,6041f78f0034f72ff1bf776c,Acer